{"model":{"version":2,"nodes":[{"name":"RootNode","position":[0,0,0],"rotation":[0,0,0],"scale":[1,1,1],"scaleCompensation":false},{"name":"Cylinder001","position":[0,0,0],"rotation":[-90,-0,0],"scale":[0.1,0.1,0.1],"scaleCompensation":false}],"parents":[-1,0],"skins":[],"morphs":[],"vertices":[{"position":{"type":"float32","components":3,"data":[0,0,0,26.155,5.20255,0,26.6674,0,0,24.6375,10.2052,0,22.1731,14.8156,0,18.8567,18.8567,0,14.8156,22.1731,0,10.2052,24.6375,0,5.20255,26.155,0,2.01333e-06,26.6674,0,-5.20255,26.155,0,-10.2052,24.6375,0,-14.8156,22.1731,0,-18.8567,18.8567,0,-22.1731,14.8156,0,-24.6375,10.2052,0,-26.155,5.20254,0,-26.6674,-8.68934e-06,0,-26.155,-5.20256,0,-24.6374,-10.2052,0,-22.1731,-14.8156,0,-18.8567,-18.8567,0,-14.8156,-22.1731,0,-10.2051,-24.6375,0,-5.20253,-26.155,0,2.575e-05,-26.6674,0,5.20258,-26.155,0,10.2052,-24.6374,0,14.8156,-22.1731,0,18.8567,-18.8567,0,22.1731,-14.8156,0,24.6375,-10.2051,0,26.155,-5.20251,0,26.6674,0,0,26.155,5.20255,3.42172,26.6674,0,3.42172,26.155,5.20255,0,24.6375,10.2052,3.42172,24.6375,10.2052,0,22.1731,14.8156,3.42172,22.1731,14.8156,0,18.8567,18.8567,3.42172,18.8567,18.8567,0,14.8156,22.1731,3.42172,14.8156,22.1731,0,10.2052,24.6375,3.42172,10.2052,24.6375,0,5.20255,26.155,3.42172,5.20255,26.155,0,2.01333e-06,26.6674,3.42172,2.01333e-06,26.6674,0,2.01333e-06,26.6674,0,-5.20255,26.155,3.42172,2.01333e-06,26.6674,3.42172,-5.20255,26.155,0,-10.2052,24.6375,3.42172,-10.2052,24.6375,0,-14.8156,22.1731,3.42172,-14.8156,22.1731,0,-18.8567,18.8567,3.42172,-18.8567,18.8567,0,-22.1731,14.8156,3.42172,-22.1731,14.8156,0,-24.6375,10.2052,3.42172,-24.6375,10.2052,0,-26.155,5.20254,3.42172,-26.155,5.20254,0,-26.6674,-8.68934e-06,3.42172,-26.6674,-8.68934e-06,0,-26.155,-5.20256,3.42172,-26.155,-5.20256,0,-24.6374,-10.2052,3.42172,-24.6374,-10.2052,0,-22.1731,-14.8156,3.42172,-22.1731,-14.8156,0,-18.8567,-18.8567,3.42172,-18.8567,-18.8567,0,-14.8156,-22.1731,3.42172,-14.8156,-22.1731,0,-10.2051,-24.6375,3.42172,-10.2051,-24.6375,0,-5.20253,-26.155,3.42172,-5.20253,-26.155,0,2.575e-05,-26.6674,3.42172,2.575e-05,-26.6674,0,5.20258,-26.155,3.42172,5.20258,-26.155,0,10.2052,-24.6374,3.42172,10.2052,-24.6374,0,14.8156,-22.1731,3.42172,14.8156,-22.1731,0,18.8567,-18.8567,3.42172,18.8567,-18.8567,0,22.1731,-14.8156,3.42172,22.1731,-14.8156,0,24.6375,-10.2051,3.42172,24.6375,-10.2051,0,26.155,-5.20251,3.42172,26.155,-5.20251,0,0,0,3.42172,26.6674,0,3.42172,26.155,5.20255,3.42172,24.6375,10.2052,3.42172,22.1731,14.8156,3.42172,18.8567,18.8567,3.42172,14.8156,22.1731,3.42172,10.2052,24.6375,3.42172,5.20255,26.155,3.42172,2.01333e-06,26.6674,3.42172,-5.20255,26.155,3.42172,-10.2052,24.6375,3.42172,-14.8156,22.1731,3.42172,-18.8567,18.8567,3.42172,-22.1731,14.8156,3.42172,-24.6375,10.2052,3.42172,-26.155,5.20254,3.42172,-26.6674,-8.68934e-06,3.42172,-26.155,-5.20256,3.42172,-24.6374,-10.2052,3.42172,-22.1731,-14.8156,3.42172,-18.8567,-18.8567,3.42172,-14.8156,-22.1731,3.42172,-10.2051,-24.6375,3.42172,-5.20253,-26.155,3.42172,2.575e-05,-26.6674,3.42172,5.20258,-26.155,3.42172,10.2052,-24.6374,3.42172,14.8156,-22.1731,3.42172,18.8567,-18.8567,3.42172,22.1731,-14.8156,3.42172,24.6375,-10.2051,3.42172,26.155,-5.20251,3.42172]},"normal":{"type":"float32","components":3,"data":[0,0,-1,0,0,-1,0,0,-1,0,0,-1,0,0,-1,0,0,-1,0,0,-1,0,0,-1,0,0,-1,0,0,-1,0,0,-1,0,0,-1,0,0,-1,0,0,-1,0,0,-1,0,0,-1,0,0,-1,0,0,-1,0,0,-1,0,0,-1,0,0,-1,0,0,-1,0,0,-1,0,0,-1,0,0,-1,0,0,-1,0,0,-1,0,0,-1,0,0,-1,0,0,-1,0,0,-1,0,0,-1,0,0,-1,1,3.43162e-07,0,0.980785,0.19509,0,1,3.52694e-07,0,0.980785,0.19509,0,0.92388,0.382683,0,0.92388,0.382683,0,0.83147,0.55557,0,0.83147,0.55557,0,0.707107,0.707107,0,0.707107,0.707107,0,0.55557,0.83147,0,0.55557,0.83147,0,0.382683,0.92388,0,0.382683,0.92388,0,0.19509,0.980785,0,0.19509,0.980785,0,1.81113e-07,1,0,1.76347e-07,1,0,1.76347e-07,1,0,-0.19509,0.980785,0,1.81113e-07,1,0,-0.19509,0.980785,0,-0.382683,0.92388,0,-0.382683,0.92388,0,-0.55557,0.83147,0,-0.55557,0.83147,0,-0.707107,0.707107,0,-0.707107,0.707107,0,-0.83147,0.55557,0,-0.83147,0.55557,0,-0.92388,0.382683,0,-0.92388,0.382683,0,-0.980785,0.19509,0,-0.980785,0.19509,0,-1,-3.66993e-07,0,-1,-3.58652e-07,0,-0.980785,-0.195091,0,-0.980785,-0.195091,0,-0.923879,-0.382684,0,-0.923879,-0.382684,0,-0.831469,-0.555571,0,-0.831469,-0.555571,0,-0.707106,-0.707107,0,-0.707106,-0.707107,0,-0.55557,-0.83147,0,-0.55557,-0.83147,0,-0.382683,-0.92388,0,-0.382683,-0.92388,0,-0.195089,-0.980785,0,-0.195089,-0.980785,0,9.19864e-07,-1,0,9.11524e-07,-1,0,0.195091,-0.980785,0,0.195091,-0.980785,0,0.382684,-0.923879,0,0.382684,-0.923879,0,0.555571,-0.831469,0,0.555571,-0.831469,0,0.707108,-0.707106,0,0.707108,-0.707106,0,0.83147,-0.555569,0,0.83147,-0.555569,0,0.92388,-0.382682,0,0.92388,-0.382682,0,0.980786,-0.195089,0,0.980786,-0.195089,0,0,0,1,0,0,1,0,0,1,0,0,1,0,0,1,0,0,1,0,0,1,0,0,1,0,0,1,0,0,1,0,0,1,0,0,1,0,0,1,0,0,1,0,0,1,0,0,1,0,0,1,0,0,1,0,0,1,0,0,1,0,0,1,0,0,1,0,0,1,0,0,1,0,0,1,0,0,1,0,0,1,0,0,1,0,0,1,0,0,1,0,0,1,0,0,1,0,0,1]},"texCoord0":{"type":"float32","components":2,"data":[0.5,0.5,0.399951,1.00298,0.5,1.01283,0.303747,0.973797,0.215085,0.926406,0.137371,0.862629,0.0735939,0.784916,0.0262029,0.696253,-0.00298035,0.600049,-0.0128344,0.5,-0.00298041,0.399951,0.0262028,0.303747,0.0735937,0.215085,0.137371,0.137371,0.215084,0.0735939,0.303747,0.0262028,0.399951,-0.00298041,0.5,-0.0128344,0.600049,-0.00298035,0.696253,0.0262029,0.784916,0.0735939,0.862629,0.137372,0.926406,0.215085,0.973797,0.303747,1.00298,0.399951,1.01283,0.5,1.00298,0.600049,0.973797,0.696254,0.926406,0.784916,0.862628,0.862629,0.784915,0.926407,0.696253,0.973797,0.600048,1.00298,0.75,0.157828,0.78125,0.842172,0.75,0.842172,0.78125,0.157828,0.8125,0.842172,0.8125,0.157828,0.84375,0.842172,0.84375,0.157828,0.875,0.842172,0.875,0.157828,0.90625,0.842172,0.90625,0.157828,0.9375,0.842172,0.9375,0.157828,0.96875,0.842172,0.96875,0.157828,1,0.842172,1,0.157828,-5.96046e-08,0.157828,0.03125,0.842172,-5.96046e-08,0.842172,0.03125,0.157828,0.0624999,0.842172,0.0624999,0.157828,0.09375,0.842172,0.09375,0.157828,0.125,0.842172,0.125,0.157828,0.15625,0.842172,0.15625,0.157828,0.1875,0.842172,0.1875,0.157828,0.21875,0.842172,0.21875,0.157828,0.25,0.842172,0.25,0.157828,0.28125,0.842172,0.28125,0.157828,0.3125,0.842172,0.3125,0.157828,0.34375,0.842172,0.34375,0.157828,0.375,0.842172,0.375,0.157828,0.40625,0.842172,0.40625,0.157828,0.4375,0.842172,0.4375,0.157828,0.46875,0.842172,0.46875,0.157828,0.5,0.842172,0.5,0.157828,0.53125,0.842172,0.53125,0.157828,0.5625,0.842172,0.5625,0.157828,0.59375,0.842172,0.59375,0.157828,0.625,0.842172,0.625,0.157828,0.65625,0.842172,0.65625,0.157828,0.6875,0.842172,0.6875,0.157828,0.71875,0.842172,0.71875,0.157828,0.5,0.5,0.5,1.01283,0.399951,1.00298,0.303747,0.973797,0.215085,0.926406,0.137371,0.862629,0.0735939,0.784916,0.0262029,0.696253,-0.00298035,0.600049,-0.0128344,0.5,-0.00298041,0.399951,0.0262028,0.303747,0.0735937,0.215085,0.137371,0.137371,0.215084,0.0735939,0.303747,0.0262028,0.399951,-0.00298041,0.5,-0.0128344,0.600049,-0.00298035,0.696253,0.0262029,0.784916,0.0735939,0.862629,0.137372,0.926406,0.215085,0.973797,0.303747,1.00298,0.399951,1.01283,0.5,1.00298,0.600049,0.973797,0.696254,0.926406,0.784916,0.862628,0.862629,0.784915,0.926407,0.696253,0.973797,0.600048,1.00298]}}],"meshes":[{"aabb":{"min":[-26.6674,-26.6674,0],"max":[26.6674,26.6674,3.42172]},"vertices":0,